protac_id,Article DOI,PAMPA,SMILES,E3_ligase,Target,original_pampa,logPAMPA,protac_db_id,MolecularWeight,CharVol,cLogD^7.4,HeavyAtomCount,RingCount,HydrogenBondAcceptorCount,HydrogenBondDonorCount,RotatableBondCount,TopologicalPolarSurfaceArea,FractionCSP3,NumStereoCenters,AllBonds,RingAtoms,Halogens,HeteroAtoms,TNSA,Flexibility
0,10.3390/pharmaceutics18030288,24.28,CC(C)(COC(=O)CCCCCOc1cccc2c1C(=O)N(C1CCC(=O)NC1=O)C2=O)CN(C(=O)CCl)C1CCS(=O)(=O)C1,CRBN,PIN1,2.428,-5.61475131759678,,668.1650000000002,574.5200000000001,1.8509000000000015,45,4,10,1,14,173.52999999999997,0.6,2,48,22,1,15,426.47,0.2916666666666667
1,10.3390/pharmaceutics18030288,4.73,CC(C)(COC(=O)CCCOc1cccc2c1C(=O)N(C1CCC(=O)NC1=O)C2=O)CN(C(=O)CCl)C1CCS(=O)(=O)C1,CRBN,PIN1,0.473,-6.325138859262188,,640.1110000000002,541.5520000000001,1.0707000000000013,43,4,10,1,12,173.52999999999997,0.5714285714285714,2,46,22,1,15,386.47,0.2608695652173913
2,10.3390/pharmaceutics18030288,0.009,CC(C)(CNC(=O)CCCCCOc1cccc2c1C(=O)N(C1CCC(=O)NC1=O)C2=O)CN(C(=O)CCl)C1CCS(=O)(=O)C1,CRBN,PIN1,<0.0009,-9.045757490560675,,667.1810000000002,577.6880000000001,1.4239000000000017,45,4,9,2,14,176.32999999999998,0.6,2,48,22,1,15,423.67,0.2916666666666667
3,10.3390/pharmaceutics18030288,0.008,CC(C)(CNC(=O)CCCOc1cccc2c1C(=O)N(C1CCC(=O)NC1=O)C2=O)CN(C(=O)CCl)C1CCS(=O)(=O)C1,CRBN,PIN1,<0.0008,-9.096910013008056,,639.1270000000002,543.4480000000001,0.6437000000000026,43,4,9,2,12,176.32999999999998,0.5714285714285714,2,46,22,1,15,383.67,0.2608695652173913
4,10.3390/pharmaceutics18030288,2.4,Cc1ncsc1-c1ccc([C@H](C)NC(=O)[C@@H]2C[C@@H](O)CN2C(=O)[C@@H](NC(=O)CCCCC(=O)OCC(C)(C)CN(C(=O)CCl)C2CCS(=O)(=O)C2)C(C)(C)C)cc1,VHL,PIN1,0.240,-6.619788758288394,,852.5169999999998,765.9920000000002,4.1727200000000035,57,4,11,3,17,192.37999999999997,0.65,5,60,21,1,17,607.62,0.2833333333333333
5,10.3390/pharmaceutics18030288,0.005,Cc1ncsc1-c1ccc([C@H](C)NC(=O)[C@@H]2C[C@@H](O)CN2C(=O)[C@@H](NC(=O)NCCCCC(=O)NCC(C)(C)CN(C(=O)CCl)C2CCS(=O)(=O)C2)C(C)(C)C)cc1,VHL,PIN1,<0.0005,-9.301029995663981,,866.5479999999997,781.5280000000001,3.5386200000000043,58,4,10,5,17,207.20999999999998,0.65,5,61,21,1,18,592.79,0.2786885245901639
6,10.3390/pharmaceutics18030288,1.01,Cc1ncsc1-c1ccc([C@H](C)NC(=O)[C@@H]2C[C@@H](O)CN2C(=O)[C@@H](NC(=O)NCCCCC(=O)OCC(C)(C)CN(C(=O)CCl)C2CCS(=O)(=O)C2)C(C)(C)C)cc1,VHL,PIN1,0.101,-6.995678626217358,,867.5319999999997,780.8960000000002,3.965620000000005,58,4,11,4,17,204.40999999999997,0.65,5,61,21,1,18,595.59,0.2786885245901639
7,10.3390/pharmaceutics15010272,14.125376,Cc1ncsc1-c1ccc(CNC(=O)[C@@H]2C[C@@H](O)CN2C(=O)[C@@H](NC(=O)COCCOCCNC(=O)COc2cnc3c(C4CCN(C(=O)c5ccc(OC(F)(F)F)cc5)CC4)ncnc3c2)C(C)(C)C)cc1,VHL,ERK5,5.85,-5.849999982973881,,1034.1279999999997,895.5360000000002,4.712420000000005,73,7,15,4,20,236.63,0.46,3,79,40,3,23,763.37,0.25316455696202533
8,10.1080/14756366.2026.2636394,15.1356125,O=C1CCC(N2C(=O)c3cccc(NCCOCCn4cc(CN(Cc5ccc(C(=O)NO)cc5)Cc5cccnc5)nn4)c3C2=O)C(=O)N1,CRBN,HDAC6,5.82,-5.8199999995512925,,681.7100000000002,593.4880000000002,1.5243999999999995,50,6,12,4,15,200.98,0.29411764705882354,1,55,34,0,16,479.02,0.2727272727272727
9,10.1021/acsmedchemlett.0c00265,6.0,Cc1ncsc1-c1ccc(CNC(=O)[C@@H]2C[C@@H](O)CN2C(=O)[C@@H](NC(=O)COCCOCCNC(=O)C[C@@H]2N=C(c3ccc(Cl)cc3)c3c(sc(C)c3C)-n3c(C)nnc32)C(C)(C)C)cc1,VHL,BRD4,0.6,-6.221848749616356,,958.6079999999996,842.3040000000002,5.580080000000006,66,7,13,4,17,202.26,0.44680851063829785,4,72,39,1,19,737.74,0.2361111111111111
10,10.1021/acsmedchemlett.0c00265;10.1021/acschembio.5b00216;10.1021/acs.jmedchem.1c01496,0.3,Cc1ncsc1-c1ccc(CNC(=O)[C@@H]2C[C@@H](O)CN2C(=O)[C@@H](NC(=O)COCCOCCOCCNC(=O)C[C@@H]2N=C(c3ccc(Cl)cc3)c3c(sc(C)c3C)-n3c(C)nnc32)C(C)(C)C)cc1,VHL,BRD4,0.03,-7.522878745280337,,1002.6609999999996,883.8240000000002,5.596680000000006,69,7,14,4,20,211.48999999999995,0.46938775510204084,4,75,39,1,20,768.51,0.26666666666666666
11,10.1021/acsmedchemlett.0c00265,0.06,Cc1ncsc1-c1ccc(CNC(=O)[C@@H]2C[C@@H](O)CN2C(=O)[C@@H](NC(=O)[C@H]([CH2][Pb])NC(=O)COCCOCCOCCNC(=O)C[C@@H]2N=C(c3ccc(Cl)cc3)c3c(sc(C)c3C)-n3c(C)nnc32)C(C)(C)C)cc1,VHL,BRD4,0.006,-8.221848749616356,,1279.9319999999987,984.1920000000002,4.668280000000009,75,7,15,5,23,240.58999999999992,0.4807692307692308,5,81,39,1,23,799.4100000000001,0.2839506172839506
12,10.1021/acsmedchemlett.0c00265,3.0,CC(=O)N1c2ccc(-c3ccc(C(=O)NCCOCCOCC(=O)N[C@H](C(=O)N4C[C@H](O)C[C@H]4C(=O)NCc4ccc(-c5scnc5C)cc4)C(C)(C)C)cc3)cc2[C@H](Nc2ccc(Cl)cc2)C[C@@H]1C,VHL,BRD4,0.3,-6.522878745280337,,992.6399999999998,894.2320000000002,7.30932000000001,70,7,11,5,18,191.53,0.39622641509433965,5,76,40,1,17,868.47,0.23684210526315788
13,10.1021/acsmedchemlett.0c00265,1.6,CC(=O)N1c2ccc(-c3ccc(C(=O)NCCOCCOCCOCCOCC(=O)N[C@H](C(=O)N4C[C@H](O)C[C@H]4C(=O)NCc4ccc(-c5scnc5C)cc4)C(C)(C)C)cc3)cc2[C@H](Nc2ccc(Cl)cc2)C[C@@H]1C,VHL,BRD4,0.16,-6.795880017344075,,1080.7459999999999,976.9680000000002,7.342520000000011,76,7,13,5,24,209.98999999999998,0.43859649122807015,5,82,40,1,19,930.01,0.2926829268292683
14,10.1021/acsmedchemlett.0c00265,0.09,Cc1ncsc1-c1ccc(CNC(=O)[C@@H]2C[C@@H](O)CN2C(=O)C(NC(=O)COCCOCCOCCOCCOCC(=O)N[C@H](C(=O)N2C[C@H](O)C[C@H]2C(=O)NCc2ccc(-c3scnc3C)cc2)C(C)(C)C)C(C)(C)C)cc1,VHL,BRD4,0.009,-8.045757490560675,,1135.416999999999,1032.9440000000002,3.5514400000000093,79,6,17,6,28,269.4099999999999,0.5714285714285714,6,84,32,0,23,850.5900000000001,0.3333333333333333
15,10.1021/acsmedchemlett.0c00265,0.05,Cc1ncsc1-c1ccc(CNC(=O)[C@@H]2C[C@@H](O)CN2C(=O)C(NC(=O)COCCOCCOCCOCCOCCOCCOCC(=O)N[C@H](C(=O)N2C[C@H](O)C[C@H]2C(=O)NCc2ccc(-c3scnc3C)cc2)C(C)(C)C)C(C)(C)C)cc1,VHL,BRD4,0.005,-8.301029995663981,,1223.5229999999985,1115.4080000000004,3.5846400000000083,85,6,19,6,34,287.8699999999999,0.6,6,90,32,0,25,912.1300000000001,0.37777777777777777
16,10.1021/acsmedchemlett.0c00265,0.02,Cc1ncsc1-c1ccc(CNC(=O)[C@@H]2C[C@H](O)CN2C(=O)C(NC(=O)COCCOCCOCCOCCOCCOCC(=O)N[C@H](C(=O)N2C[C@H](O)C[C@H]2C(=O)NCc2ccc(-c3scnc3C)cc2)C(C)(C)C)C(C)(C)C)cc1,VHL,BRD4,0.002,-8.698970004336019,,1179.469999999999,1074.8000000000002,3.5680400000000096,82,6,18,6,31,278.63999999999993,0.5862068965517241,6,87,32,0,24,881.3600000000001,0.3563218390804598
17,10.1021/acsmedchemlett.0c00265,0.05,CC(=O)N[C@H](C(=O)N1C[C@H](O)C[C@H]1C(=O)NCc1ccc(-c2scnc2C)cc1)C(C)(C)SCCOCCNC(=O)C[C@@H]1N=C(c2ccc(Cl)cc2)c2c(sc(C)c2C)-n2c(C)nnc21,VHL,BRD4,0.005,-8.301029995663981,,960.6489999999994,834.1280000000002,6.049080000000007,65,7,13,4,17,193.02999999999997,0.43478260869565216,4,71,39,1,19,726.97,0.23943661971830985
18,10.1021/acsmedchemlett.0c00265,0.03,CC(=O)N[C@H](C(=O)N1C[C@H](O)C[C@H]1C(=O)NCc1ccc(-c2scnc2C)cc1)C(C)(C)SCCOCCOCCNC(=O)C[C@@H]1N=C(c2ccc(Cl)cc2)c2c(sc(C)c2C)-n2c(C)nnc21,VHL,BRD4,0.003,-8.522878745280337,,1004.7019999999993,875.3920000000002,6.065680000000007,68,7,14,4,20,202.26,0.4583333333333333,4,74,39,1,20,757.74,0.2702702702702703
19,10.1021/acsmedchemlett.0c00265,0.02,CC(=O)N[C@H](C(=O)N1C[C@H](O)C[C@H]1C(=O)NCc1ccc(-c2scnc2C)cc1)C(C)(C)SCCCCNC(=O)C[C@@H]1N=C(c2ccc(Cl)cc2)c2c(sc(C)c2C)-n2c(C)nnc21,VHL,BRD4,0.002,-8.698970004336019,,944.6499999999994,826.6240000000003,6.812680000000008,64,7,12,4,16,183.8,0.43478260869565216,4,70,39,1,18,736.2,0.22857142857142856
20,10.1021/acs.jmedchem.5c02791,1.49,Cc1sc2c(c1C)C(c1ccc(Cl)cc1)=N[C@@H](CC(=O)NCCCCNC(=O)COc1cccc3c1C(=O)N(C1CCC(=O)NC1=O)C3=O)c1nnc(C)n1-2,CRBN,BRD4,0.149,-6.826813731587726,,785.2829999999999,665.2880000000001,3.6824600000000025,55,7,11,3,12,194.05,0.34210526315789475,2,61,40,1,17,565.95,0.19672131147540983
21,10.1021/acs.jmedchem.5c02791,4.37,Cc1sc2c(c1C)C(c1ccc(Cl)cc1)=N[C@@H](CC(=O)OCCCC(=O)NCCOc1cccc3c1C(=O)N(C1CCC(=O)NC1=O)C3=O)c1nnc(C)n1-2,CRBN,BRD4,0.437,-6.359518563029578,,786.2669999999999,662.2080000000002,4.109460000000003,55,7,12,2,12,191.25,0.34210526315789475,2,61,40,1,17,568.75,0.19672131147540983
22,10.1021/acs.jmedchem.5c02791,3.48,Cc1sc2c(c1C)C(c1ccc(Cl)cc1)=N[C@@H](CC(=O)O[C@H](C)CCC(=O)NCCOc1cccc3c1C(=O)N(C1CCC(=O)NC1=O)C3=O)c1nnc(C)n1-2,CRBN,BRD4,0.348,-6.458420756053419,,800.2939999999999,679.0240000000001,4.4979600000000035,56,7,12,2,12,191.25,0.358974358974359,3,62,40,1,17,588.75,0.1935483870967742
23,10.1021/acs.jmedchem.5c02791,12.0,Cc1sc2c(c1C)C(c1ccc(Cl)cc1)=N[C@@H](CC(=O)O[C@@H](C)CCC(=O)NCCOc1cccc3c1C(=O)N(C1CCC(=O)NC1=O)C3=O)c1nnc(C)n1-2,CRBN,BRD4,1.2,-5.920818753952375,,800.2939999999999,677.6400000000002,4.4979600000000035,56,7,12,2,12,191.25,0.358974358974359,3,62,40,1,17,588.75,0.1935483870967742
24,10.1021/acs.jmedchem.4c02492,0.05128614,Cc1ncsc1-c1ccc(CNC(=O)[C@@H]2C[C@@H](O)CN2C(=O)[C@@H](NC(=O)CCCCCCCCOc2cnc3c(C4CCN(C(=O)c5ccc(OC(F)(F)F)cc5)CC4)ncnc3c2)C(C)(C)C)cc1,VHL,ERK5,-8.29,-8.28999998644378,,987.1589999999999,878.9120000000003,8.293720000000008,70,7,12,3,19,189.07,0.49019607843137253,3,76,40,3,19,830.9300000000001,0.25
25,10.1021/acs.jmedchem.4c02492,38.01894,Cc1ncsc1-c1ccc(CNC(=O)[C@@H]2C[C@@H](O)CN2C(=O)[C@@H](NC(=O)CCOCCOCCOc2cnc3c(C4CCN(C(=O)c5ccc(OC(F)(F)F)cc5)CC4)ncnc3c2)C(C)(C)C)cc1,VHL,ERK5,-5.42,-5.419999995796937,,991.1029999999998,863.1120000000002,5.986320000000006,70,7,14,3,19,207.52999999999997,0.46938775510204084,3,76,40,3,21,772.47,0.25
26,10.1021/acs.jmedchem.4c02492,6.16595,Cc1ncsc1-c1ccc(CNC(=O)[C@@H]2C[C@@H](O)CN2C(=O)[C@@H](NC(=O)CCOCCNC(=O)COc2cnc3c(C4CCN(C(=O)c5ccc(OC(F)(F)F)cc5)CC4)ncnc3c2)C(C)(C)C)cc1,VHL,ERK5,-6.21,-6.210000001311123,,1004.1019999999997,865.4240000000002,5.085920000000005,71,7,14,4,18,227.39999999999998,0.4489795918367347,3,77,40,3,22,752.6,0.23376623376623376
27,10.1021/acs.jmedchem.4c02492,0.11481536,Cc1ncsc1-c1ccc(CNC(=O)[C@@H]2C[C@@H](O)CN2C(=O)[C@@H](NC(=O)COCc2cn(CCOc3cnc4c(C5CCN(C(=O)c6ccc(OC(F)(F)F)cc6)CC5)ncnc4c3)nn2)C(C)(C)C)cc1,VHL,ERK5,-7.94,-7.940000008131297,,1014.1009999999997,869.6320000000002,5.371320000000004,72,8,15,3,17,229.00999999999993,0.42857142857142855,3,79,45,3,23,750.99,0.21518987341772153
28,10.1021/acs.jmedchem.4c02492,0.27542287,Cc1ncsc1-c1ccc(CNC(=O)[C@@H]2C[C@@H](O)CN2C(=O)[C@@H](NC(=O)Cc2ccc(OCCOc3cnc4c(C5CCN(C(=O)c6ccc(OC(F)(F)F)cc6)CC5)ncnc4c3)cc2)C(C)(C)C)cc1,VHL,ERK5,-7.56,-7.5600000005263714,,1009.1209999999998,874.4320000000002,7.184520000000008,72,8,13,3,16,198.3,0.38461538461538464,3,79,46,3,20,841.7,0.20253164556962025
29,10.1021/acs.jmedchem.4c02492,0.52480745,Cc1ncsc1-c1ccc(CNC(=O)[C@@H]2C[C@@H](O)CN2C(=O)[C@@H](NC(=O)Cc2ccc(OCCOc3cnc4c(C5CCN(C(=O)c6ccc(OC(F)(F)F)cc6)CC5)ncnc4c3)cn2)C(C)(C)C)cc1,VHL,ERK5,-7.28,-7.280000008482006,,1010.1089999999997,871.4640000000002,6.579520000000007,72,8,14,3,16,211.19,0.39215686274509803,3,79,46,3,21,808.81,0.20253164556962025
30,10.1021/acs.jmedchem.4c02492,2.137962,Cc1ncsc1-c1ccc(CNC(=O)[C@@H]2C[C@@H](O)CN2C(=O)[C@@H](NC(=O)CN(C)CCCCCCOc2cnc3c(C4CCN(C(=O)c5ccc(OC(F)(F)F)cc5)CC4)ncnc3c2)C(C)(C)C)cc1,VHL,ERK5,-6.67,-6.6700000181810175,,1002.1739999999998,888.9360000000003,7.055220000000007,71,7,13,3,19,192.31,0.49019607843137253,3,77,40,3,20,827.69,0.24675324675324675
31,10.1021/acs.jmedchem.4c02492,1.2589254,Cc1ncsc1-c1ccc(CNC(=O)[C@@H]2C[C@@H](O)CN2C(=O)[C@@H](NC(=O)CN2CCC(CCCOc3cnc4c(C5CCN(C(=O)c6ccc(OC(F)(F)F)cc6)CC5)ncnc4c3)CC2)C(C)(C)C)cc1,VHL,ERK5,-6.9,-6.900000004068662,,1014.1849999999996,894.5920000000002,7.055220000000008,72,8,13,3,16,192.31,0.5,3,79,46,3,20,847.69,0.20253164556962025
32,10.1021/acs.jmedchem.2c00877,2.7542286,CNC(=O)N1N=C(c2ccc(N3CCN(C(=O)CCOCCOCCOCCNc4cccc5c4C(=O)N(C4CCC(=O)NC4=O)C5=O)CC3)cc2)c2cc(OC)c(OC)cc2C[C@@H]1C,CRBN,BRD4,6.56,-6.5600000162946515,,896.9989999999999,801.4000000000002,2.6440000000000072,65,7,14,3,18,209.98,0.45652173913043476,2,71,42,0,19,710.02,0.2535211267605634
33,10.1021/acs.jmedchem.2c00877,0.4265795,CNC(=O)N1N=C(c2ccc(N3CCN(C(=O)CCCCNC(=O)COc4cccc5c4C(=O)N(C4CCC(=O)NC4=O)C5=O)CC3)cc2)c2cc(OC)c(OC)cc2C[C@@H]1C,CRBN,BRD4,7.37,-7.3700000191416315,,850.93,755.0640000000002,2.457500000000004,62,7,12,3,13,208.58999999999997,0.4090909090909091,2,68,42,0,18,671.4100000000001,0.19117647058823528
34,10.1016/j.redox.2022.102552,0.01,Cc1ccc(C(CC(=O)O)c2cc(OCCCCNC(=O)COc3cccc4c3C(=O)N(C3CCC(=O)NC3=O)C4=O)c3c(c2)nnn3C)cc1CN1C[C@@H](C)Oc2ccccc2S1(=O)=O,CRBN,KEAP1,0.001,-9.0,,921.9859999999999,789.3360000000002,3.6105200000000037,66,8,13,3,16,245.73,0.34782608695652173,3,73,47,0,20,674.27,0.2191780821917808
35,10.1016/j.jbc.2025.108452,0.001,Cc1ncsc1-c1ccc([C@H](C)NC(=O)[C@@H]2C[C@@H](O)CN2C(=O)[C@@H](NCc2cccc(CN3CCC(c4cc(Nc5cc(C#N)ccn5)nc(N5CCC(F)(F)C5)c4)CC3)n2)C(C)(C)C)cc1,VHL,LZK (MAP3K13),-0.0007,-10.0,,932.1589999999995,840.8240000000002,7.487300000000007,67,8,13,4,14,175.52999999999997,0.46,4,74,45,2,17,824.47,0.1891891891891892
36,10.1016/j.jbc.2025.108452,0.1,Cc1ncsc1-c1ccc([C@H](C)NC(=O)[C@@H]2C[C@@H](O)CN2C(=O)[C@@H](NC(=O)CCCCCCCCCCC(=O)N2CCC(c3cc(Nc4cc(C#N)ccn4)nc(N4CCC(F)(F)C4)c3)CC2)C(C)(C)C)cc1,VHL,LZK (MAP3K13),<0.01,-8.0,,1023.3089999999994,947.0560000000003,9.346300000000001,73,7,12,4,21,196.77999999999997,0.5636363636363636,4,79,39,2,18,903.22,0.26582278481012656
37,10.1016/j.jbc.2025.108452,0.019,Cc1ncsc1-c1ccc([C@H](C)NC(=O)[C@@H]2C[C@@H](O)CN2C(=O)[C@@H](NCc2ccc(C(=O)N3CCC(c4cc(Nc5cc(C#N)ccn5)nc(N5CCC(F)(F)C5)c4)CC3)cc2)C(C)(C)C)cc1,VHL,LZK (MAP3K13),0.0019,-8.721246399047171,,945.1539999999995,849.0560000000002,7.732500000000008,68,8,12,4,13,179.70999999999998,0.43137254901960786,4,75,45,2,17,840.29,0.17333333333333334
38,10.1016/j.jbc.2025.108452,88.4,Cc1ncsc1-c1ccc([C@H](C)NC(=O)[C@@H]2C[C@@H](O)CN2C(=O)[C@@H](NC(=O)c2cccc(C(=O)N3CCC(c4cc(Nc5cc(C#N)ccn5)nc(N5CCC(F)(F)C5)c4)CC3)c2)C(C)(C)C)cc1,VHL,LZK (MAP3K13),8.84,-5.053547734986926,,959.1369999999995,854.4640000000002,7.372700000000008,69,8,12,4,12,196.77999999999997,0.4117647058823529,4,76,45,2,18,823.22,0.15789473684210525
39,10.1016/j.jbc.2025.108452,0.001,Cc1ncsc1-c1ccc([C@H](C)NC(=O)[C@@H]2C[C@@H](O)CN2C(=O)[C@@H](NC(=O)c2ccc(C(=O)N3CCC(c4cc(Nc5cc(C#N)ccn5)nc(N5CCC(F)(F)C5)c4)CC3)nn2)C(C)(C)C)cc1,VHL,LZK (MAP3K13),-0.0002,-10.0,,961.1129999999995,842.5600000000002,6.162700000000006,69,8,14,4,12,222.55999999999995,0.42857142857142855,4,76,45,2,20,757.44,0.15789473684210525
40,10.1016/j.jbc.2025.108452,125.9,Cc1ncsc1-c1ccc([C@H](C)NC(=O)[C@@H]2C[C@@H](O)CN2C(=O)[C@@H](NC(=O)c2cncc(C(=O)N3CCC(c4cc(Nc5cc(C#N)ccn5)nc(N5CCC(F)(F)C5)c4)CC3)n2)C(C)(C)C)cc1,VHL,LZK (MAP3K13),12.59,-4.899974269892137,,961.1129999999994,845.3200000000002,6.162700000000006,69,8,14,4,12,222.56,0.42857142857142855,4,76,45,2,20,757.44,0.15789473684210525
41,10.1016/j.jbc.2025.108452,0.1,Cc1ncsc1-c1ccc([C@H](C)NC(=O)[C@@H]2C[C@@H](O)CN2C(=O)[C@@H](NC(=O)[C@H](CCC(=O)N2CCC(c3cc(Nc4cc(C#N)ccn4)nc(N4CCC(F)(F)C4)c3)CC2)NC(=O)C(N)CCCNC(=N)N)C(C)(C)C)cc1,VHL,LZK (MAP3K13),0.01,-8.0,,1096.323999999999,988.3680000000003,4.300870000000005,78,7,15,9,20,313.79999999999995,0.5185185185185185,6,84,39,2,24,766.2,0.23809523809523808
42,10.1016/j.jbc.2025.108452,0.1,Cc1ncsc1-c1ccc([C@H](C)NC(=O)[C@@H]2C[C@@H](O)CN2C(=O)[C@@H](NC(=O)CCCCCCCCC(=O)N2CCC(c3cc(Nc4cc(C#N)ccn4)nc(N4CCC(F)(F)C4)c3)CC2)C(C)(C)C)cc1,VHL,LZK (MAP3K13),<0.01,-8.0,,995.2549999999995,913.4960000000002,8.566100000000006,71,7,12,4,19,196.77999999999997,0.5471698113207547,4,77,39,2,18,863.22,0.24675324675324675
43,10.1016/j.jbc.2025.108452,0.009,Cc1ncsc1-c1ccc([C@H](C)NC(=O)[C@@H]2C[C@@H](O)CN2C(=O)[C@@H](NC(=O)CCCCC(=O)N2CCC(c3cc(Nc4cc(C#N)ccn4)nc(N4CCC(F)(F)C4)c3)CC2)C(C)(C)C)cc1,VHL,LZK (MAP3K13),0.0009,-9.045757490560675,,939.1469999999996,848.9600000000002,7.005700000000007,67,7,12,4,15,196.77999999999997,0.5102040816326531,4,73,39,2,18,783.22,0.2054794520547945
44,10.1016/j.jbc.2025.108452,0.001,Cc1ncsc1-c1ccc([C@H](C)NC(=O)[C@@H]2C[C@@H](O)CN2C(=O)[C@@H](NC(=O)CCC(=O)N2CCC(c3cc(Nc4cc(C#N)ccn4)nc(N4CCC(F)(F)C4)c3)CC2)C(C)(C)C)cc1,VHL,LZK (MAP3K13),-0.0008,-10.0,,911.0929999999996,815.0240000000002,6.225500000000005,65,7,12,4,13,196.77999999999997,0.48936170212765956,4,71,39,2,18,743.22,0.18309859154929578
45,10.1016/j.jbc.2025.108452,0.001,Cc1ncsc1-c1ccc([C@H](C)NC(=O)[C@@H]2C[C@@H](O)CN2C(=O)[C@@H](NC(=O)c2ccc(C(=O)N3CCC(c4cc(Nc5cc(C#N)ccn5)nc(N5CCC(F)(F)C5)c4)CC3)cc2)C(C)(C)C)cc1,VHL,LZK (MAP3K13),-0.0002,-10.0,,959.1369999999996,851.5600000000002,7.372700000000008,69,8,12,4,12,196.77999999999997,0.4117647058823529,4,76,45,2,18,823.22,0.15789473684210525
46,10.1016/j.jbc.2025.108452,74.0,Cc1ncsc1-c1ccc([C@H](C)NC(=O)[C@@H]2C[C@@H](O)CN2C(=O)[C@@H](NCc2cccc(C(=O)N3CCC(c4cc(Nc5cc(C#N)ccn5)nc(N5CCC(F)(F)C5)c4)CC3)c2)C(C)(C)C)cc1,VHL,LZK (MAP3K13),7.4,-5.130768280269024,,945.1539999999995,849.2240000000002,7.732500000000008,68,8,12,4,13,179.70999999999998,0.43137254901960786,4,75,45,2,17,840.29,0.17333333333333334
47,10.1016/j.jbc.2025.108452,0.001,Cc1ncsc1-c1ccc([C@H](C)NC(=O)[C@@H]2C[C@@H](O)CN2C(=O)[C@@H](NC(=O)c2cc(C(=O)N3CCC(c4cc(Nc5cc(C#N)ccn5)nc(N5CCC(F)(F)C5)c4)CC3)ncn2)C(C)(C)C)cc1,VHL,LZK (MAP3K13),0,-10.0,,961.1129999999995,844.4160000000002,6.162700000000006,69,8,14,4,12,222.55999999999995,0.42857142857142855,4,76,45,2,20,757.44,0.15789473684210525
48,10.1016/j.jbc.2025.108452,0.006,Cc1ncsc1-c1ccc([C@H](C)NC(=O)[C@@H]2C[C@@H](O)CN2C(=O)[C@@H](NC(=O)c2cnc(C(=O)N3CCC(c4cc(Nc5cc(C#N)ccn5)nc(N5CCC(F)(F)C5)c4)CC3)cn2)C(C)(C)C)cc1,VHL,LZK (MAP3K13),0.0006,-9.221848749616356,,961.1129999999995,845.2640000000002,6.162700000000006,69,8,14,4,12,222.56,0.42857142857142855,4,76,45,2,20,757.44,0.15789473684210525
49,10.1016/j.jbc.2025.108452,0.1,Cc1ncsc1-c1ccc([C@H](C)NC(=O)[C@@H]2C[C@@H](O)CN2C(=O)[C@@H](NC(=O)[C@H]2C[C@@H](C(=O)N3CCC(c4cc(Nc5cc(C#N)ccn5)nc(N5CCC(F)(F)C5)c4)CC3)C2)C(C)(C)C)cc1,VHL,LZK (MAP3K13),0.01,-8.0,,937.1309999999995,836.2320000000002,6.471500000000005,67,8,12,4,12,196.77999999999997,0.5102040816326531,4,74,43,2,18,783.22,0.16216216216216217
50,10.1016/j.jbc.2025.108452,0.006,Cc1ncsc1-c1ccc([C@H](C)NC(=O)[C@@H]2C[C@@H](O)CN2C(=O)[C@@H](NC(=O)[C@H]2CC[C@@H]2C(=O)N2CCC(c3cc(Nc4cc(C#N)ccn4)nc(N4CCC(F)(F)C4)c3)CC2)C(C)(C)C)cc1,VHL,LZK (MAP3K13),0.0006,-9.221848749616356,,937.1309999999995,838.2800000000002,6.471500000000005,67,8,12,4,12,196.77999999999997,0.5102040816326531,6,74,43,2,18,783.22,0.16216216216216217
51,10.1016/j.jbc.2025.108452,0.022,Cc1ncsc1-c1ccc([C@H](C)NC(=O)[C@@H]2C[C@@H](O)CN2C(=O)[C@@H](NC(=O)[C@@H]2CC[C@H]2C(=O)N2CCC(c3cc(Nc4cc(C#N)ccn4)nc(N4CCC(F)(F)C4)c3)CC2)C(C)(C)C)cc1,VHL,LZK (MAP3K13),0.0022,-8.657577319177793,,937.1309999999995,838.8880000000001,6.471500000000005,67,8,12,4,12,196.77999999999997,0.5102040816326531,6,74,43,2,18,783.22,0.16216216216216217
52,10.1016/j.jbc.2025.108452,0.001,Cc1ncsc1-c1ccc([C@H](C)NC(=O)[C@@H]2C[C@@H](O)CN2C(=O)[C@@H](NC(=O)N2CCC(c3cc(Nc4cc(C#N)ccn4)nc(N4CCC(F)(F)C4)c3)CC2)C(C)(C)C)cc1,VHL,LZK (MAP3K13),0,-10.0,,855.0289999999997,758.4480000000002,6.512100000000006,61,7,11,4,10,179.70999999999998,0.4772727272727273,4,67,39,2,17,700.29,0.14925373134328357
53,10.1016/j.jbc.2025.108452,0.001,Cc1ncsc1-c1ccc([C@H](C)NC(=O)[C@@H]2C[C@@H](O)CN2C(=O)[C@@H](NCC(=O)N2CCC(c3cc(Nc4cc(C#N)ccn4)nc(N4CCC(F)(F)C4)c3)CC2)C(C)(C)C)cc1,VHL,LZK (MAP3K13),-0.0028,-10.0,,869.0559999999996,776.4480000000002,5.918700000000005,62,7,12,4,12,179.70999999999998,0.4888888888888889,4,68,39,2,17,720.29,0.17647058823529413
54,10.1038/s41467-020-17997-6,0.0691831,CN(CCCNC(=O)CNc1cccc2c1C(=O)N(C1CCC(=O)NC1=O)C2=O)C(C)(C)C=C(C#N)C(=O)N1CCC[C@@H](n2nc(-c3ccc(Oc4ccccc4)cc3)c3c(N)ncnc32)C1,CRBN,BTK,>8.16,-8.159999981744464,,907.0049999999995,803.8080000000002,4.211280000000003,67,8,14,4,15,250.86999999999995,0.3333333333333333,2,74,46,0,19,709.1300000000001,0.20270270270270271
55,10.1038/s41467-020-17997-6,0.020892961,CN(CCCNC(=O)CNc1cccc2c1C(=O)N(C1CCC(=O)NC1=O)C2=O)CCCC(=O)N1CCC[C@@H](n2nc(-c3ccc(Oc4ccccc4)cc3)c3c(N)ncnc32)C1,CRBN,BTK,>8.68,-8.680000006413518,,855.9569999999999,760.9280000000002,3.762900000000003,63,8,13,4,16,227.07999999999998,0.35555555555555557,2,70,46,0,18,672.9200000000001,0.22857142857142856
56,10.1038/s41467-020-17997-6,0.2454709,CN(C/C=C/C(=O)N1CCC[C@@H](n2nc(-c3ccc(Oc4ccccc4)cc3)c3c(N)ncnc32)C1)CCCNC(=O)CNc1cccc2c1C(=O)N(C1CCC(=O)NC1=O)C2=O,CRBN,BTK,>7.61,-7.609999985082743,,853.9409999999999,755.3040000000002,3.5389000000000017,63,8,13,4,15,227.07999999999998,0.3111111111111111,2,70,46,0,18,672.9200000000001,0.21428571428571427
57,10.1021/acs.jmedchem.8b01413,0.36,COc1cc(-c2cn(C)c(=O)c3cnccc23)cc(OC)c1CN1CCN(CCCCCOc2cc(-c3scnc3C)ccc2CNC(=O)[C@@H]2C[C@H](O)CN2C(=O)[C@@H](NC(=O)C2(F)CC2)C(C)(C)C)CC1,VHL,BRD9/BRD7,0.36,-7.443697499232712,,995.2319999999997,905.5040000000002,6.027520000000005,71,8,13,3,19,180.69,0.5094339622641509,3,78,43,1,18,879.31,0.24358974358974358
58,10.1021/acs.jmedchem.8b01413,0.01,COc1cc(-c2cn(C)c(=O)c3cnccc23)cc(OC)c1CN1CCN(CCOCCOCCOc2cc(-c3scnc3C)ccc2CNC(=O)[C@@H]2C[C@@H](O)CN2C(=O)[C@@H](NC(=O)C2(F)CC2)C(C)(C)C)CC1,VHL,BRD7,0.01,-9.0,11.0,1041.257,938.9760000000002,4.890420000000005,74,8,15,3,22,199.15,0.5185185185185185,3,81,43,1,20,880.85,0.2716049382716049
59,10.1021/acsmedchemlett.0c00194,10.0,Cc1ncsc1-c1ccc(CNC(=O)[C@@H]2C[C@@H](O)CN2C(=O)[C@@H](NC(=O)CCOCCOCCOc2ccc(C(=O)N[C@H]3C(C)(C)[C@H](Oc4ccc(C#N)c(C(F)(F)F)c4)C3(C)C)cc2)C(C)(C)C)cc1,VHL,AR,<1,-6.0,1568.0,1005.1700000000001,896.8080000000002,7.232200000000008,71,6,12,4,20,201.43999999999997,0.5,3,76,32,3,19,838.5600000000001,0.2631578947368421
60,10.1021/acs.jmedchem.8b01413,0.02,COc1cc(-c2cn(C)c(=O)c3cnccc23)cc(OC)c1CN1CCN(CCOCCOc2cc(-c3scnc3C)ccc2CNC(=O)[C@@H]2C[C@@H](O)CN2C(=O)[C@@H](NC(=O)C2(F)CC2)C(C)(C)C)CC1,VHL,BRD7,0.02,-8.698970004336019,17.0,997.2039999999997,898.1120000000002,4.873820000000006,71,8,14,3,19,189.92000000000002,0.5,3,78,43,1,19,850.0799999999999,0.24358974358974358
61,10.1021/acs.jmedchem.8b01413,0.01,COc1cc(-c2cn(C)c(=O)c3cnccc23)cc(OC)c1CN1CCN(CCCCCOc2cc(-c3scnc3C)ccc2CNC(=O)[C@@H]2C[C@@H](O)CN2C(=O)[C@@H](NC(=O)C2(F)CC2)C(C)(C)C)CC1,VHL,BRD9,0.01,-9.0,22.0,995.2319999999997,905.5200000000002,6.027520000000005,71,8,13,3,19,180.69,0.5094339622641509,3,78,43,1,18,879.31,0.24358974358974358
62,10.1016/j.redox.2022.102552,0.05,Cc1ccc(C(CC(=O)O)c2cc(OCCCCCCCNc3cccc4c3C(=O)N(C3CCC(=O)NC3=O)C4=O)c3c(c2)nnn3C)cc1CN1C[C@@H](C)Oc2ccccc2S1(=O)=O,CRBN,KEAP1,<0.005,-8.301029995663981,4649.0,906.0309999999998,788.9840000000002,5.697720000000005,65,8,12,3,17,219.42999999999998,0.3829787234042553,3,72,47,0,18,720.57,0.2361111111111111
63,10.1021/acsmedchemlett.0c00194,10.0,Cc1ncsc1-c1ccc(CNC(=O)[C@@H]2C[C@@H](O)CN2C(=O)[C@@H](NC(=O)COCCCCCOc2ccc(C(=O)N[C@H]3C(C)(C)[C@H](Oc4ccc(C#N)c(C(F)(F)F)c4)C3(C)C)cc2)C(C)(C)C)cc1,VHL,AR,<1,-6.0,1569.0,989.171,889.0320000000003,7.995800000000009,70,6,11,4,19,192.20999999999998,0.5,3,75,32,3,18,847.79,0.25333333333333335
64,10.1021/acsmedchemlett.0c00194,10.0,Cc1ncsc1-c1ccc(CNC(=O)[C@@H]2C[C@@H](O)CN2C(=O)[C@@H](NC(=O)CCOCCOCCOCCOc2ccc(N3C(=S)N(c4ccc(C#N)c(C(F)(F)F)c4)C(=O)C3(C)C)cc2)C(C)(C)C)cc1,VHL,AR,<1,-6.0,1564.0,1022.1819999999999,889.4320000000002,6.553500000000008,71,6,13,3,21,195.89,0.46,3,76,33,3,21,804.11,0.27631578947368424
65,10.1021/acschemneuro.3c00096,206.8,O=C(Cn1cc(C2=C(c3ccc(Cl)cc3Cl)C(=O)NC2=O)c2ccccc21)NCCOCCOCCNc1cccc2c1C(=O)N(C1CCC(=O)NC1=O)C2=O,CRBN,GSK-3beta,20.68,-4.684449465578095,3895.0,801.6399999999999,666.2720000000002,3.178000000000001,56,7,10,4,15,194.24,0.2564102564102564,1,62,39,2,17,585.76,0.24193548387096775
66,10.1021/acs.jmedchem.1c01496,1.0,Cc1ncsc1-c1ccc(CNC(=O)[C@@H]2C[C@@H](O)CN2C(=O)[C@@H](NC(=O)COCCOCCOCCOC(=O)C[C@@H]2N=C(c3ccc(Cl)cc3)c3c(sc(C)c3C)-n3c(C)nnc32)C(C)(C)C)cc1,VHL,BRD2,0.1,-7.0,2340.0,1003.6449999999996,879.2080000000002,6.023680000000008,69,7,15,3,20,208.68999999999994,0.46938775510204084,4,75,39,1,20,771.3100000000001,0.26666666666666666
67,10.1038/s42003-018-0105-8; 10.1021/acsmedchemlett.0c00194,10.0,Cc1ncsc1-c1ccc(CNC(=O)[C@@H]2C[C@@H](O)CN2C(=O)[C@@H](NC(=O)COCCCOCCCCCOc2ccc(N3C(=S)N(c4ccc(C#N)c(C(F)(F)F)c4)C(=O)C3(C)C)cc2)C(C)(C)C)cc1,VHL,AR,<1,-6.0,256.0,1020.2099999999999,899.1280000000003,7.707200000000009,71,6,12,3,21,186.66,0.47058823529411764,3,76,33,3,20,833.34,0.27631578947368424
68,10.1073/pnas.1521738113; 10.1021/acs.jmedchem.1c01496,2.0,Cc1ncsc1-c1ccc([C@H](C)NC(=O)[C@@H]2C[C@@H](O)CN2C(=O)[C@@H](NC(=O)COCCCOCCNC(=O)C[C@@H]2N=C(c3ccc(Cl)cc3)c3c(sc(C)c3C)-n3c(C)nnc32)C(C)(C)C)cc1,VHL,BRD4,0.2,-6.698970004336019,328.0,986.6619999999997,876.0560000000002,6.531180000000008,68,7,13,4,18,202.26,0.46938775510204084,5,74,39,1,19,777.74,0.24324324324324326
69,10.1021/acs.jmedchem.1c01496,0.8,Cc1ncsc1-c1ccc(CNC(=O)[C@@H]2C[C@@H](O)CN2C(=O)[C@@H](NC(=O)COCCCOCCNC(=O)C[C@@H]2N=C(c3ccc(Cl)cc3)c3c(sc(C)c3C)-n3c(C)nnc32)C(C)(C)C)cc1,VHL,BRD2,0.08,-7.096910013008056,2339.0,972.6349999999996,857.7600000000002,5.970180000000006,67,7,13,4,18,202.26,0.4583333333333333,4,73,39,1,19,757.74,0.2465753424657534
70,10.1021/acs.jmedchem.1c01496,3.0,Cc1ncsc1-c1ccc([C@H](C)NC(=O)[C@@H]2C[C@@H](O)CN2C(=O)[C@@H](NC(=O)COCCCOCCOC(=O)C[C@@H]2N=C(c3ccc(Cl)cc3)c3c(sc(C)c3C)-n3c(C)nnc32)C(C)(C)C)cc1,VHL,BRD2,0.3,-6.522878745280337,2341.0,987.6459999999996,872.2400000000002,6.958180000000008,68,7,14,3,18,199.45999999999998,0.46938775510204084,5,74,39,1,19,780.54,0.24324324324324326
71,10.1021/acs.jmedchem.1c01496,6.0,Cc1ncsc1-c1ccc(CNC(=O)[C@@H]2C[C@@H](O)CN2C(=O)[C@@H](NC(=O)COCCCOCCOC(=O)C[C@@H]2N=C(c3ccc(Cl)cc3)c3c(sc(C)c3C)-n3c(C)nnc32)C(C)(C)C)cc1,VHL,BRD2,0.6,-6.221848749616356,2343.0,973.6189999999997,856.2560000000002,6.397180000000008,67,7,14,3,18,199.45999999999998,0.4583333333333333,4,73,39,1,19,760.54,0.2465753424657534
72,10.1021/acsmedchemlett.0c00194,10.0,CC1(C)C(=O)N(c2ccc(C#N)c(C(F)(F)F)c2)C(=S)N1c1ccc(OCCOCCOCCOCCOc2cccc3c2C(=O)N(C2CCC(=O)NC2=O)C3=O)cc1,CRBN,AR,<1,-6.0,1560.0,837.83,700.8800000000002,4.402580000000003,59,6,12,1,17,177.04000000000002,0.375,1,64,34,3,19,622.96,0.265625
73,10.1021/acsmedchemlett.0c00194,10.0,Cc1ncsc1-c1ccc(CNC(=O)[C@@H]2C[C@@H](O)CN2C(=O)[C@@H](NC(=O)COCCCOCCCCOc2ccc(N3C(=S)N(c4ccc(C#N)c(C(F)(F)F)c4)C(=O)C3(C)C)cc2)C(C)(C)C)cc1,VHL,AR,<1,-6.0,1562.0,1006.183,883.2880000000002,7.317100000000009,70,6,12,3,20,186.66,0.46,3,75,33,3,20,813.34,0.26666666666666666
74,10.1021/acsmedchemlett.0c00194,10.0,Cc1ncsc1-c1ccc(CNC(=O)[C@@H]2C[C@@H](O)CN2C(=O)[C@@H](NC(=O)COCC(F)(F)C(F)(F)C(F)(F)COCCCOc2ccc(N3C(=S)N(c4ccc(C#N)c(C(F)(F)F)c4)C(=O)C3(C)C)cc2)C(C)(C)C)cc1,VHL,AR,<1,-6.0,1563.0,1128.1499999999994,930.1440000000002,8.442800000000005,77,6,12,3,21,186.66,0.47058823529411764,3,82,33,9,26,833.34,0.25609756097560976
75,10.1021/acsmedchemlett.0c00194,10.0,Cc1ncsc1-c1ccc(CNC(=O)[C@@H]2C[C@@H](O)CN2C(=O)[C@@H](NC(=O)COCCCOc2ccc(-c3ccc(N4C(=S)N(c5ccc(C#N)c(C(F)(F)F)c5)C(=O)C4(C)C)cc3)cc2)C(C)(C)C)cc1,VHL,AR,<1,-6.0,1565.0,1010.1739999999999,876.3600000000002,8.187300000000008,71,7,11,3,16,177.43,0.36538461538461536,3,77,39,3,19,862.5699999999999,0.2077922077922078
76,10.1021/acsmedchemlett.0c00194,10.0,Cc1ncsc1-c1ccc(CNC(=O)[C@@H]2C[C@@H](O)CN2C(=O)[C@@H](NC(=O)COCC(F)(F)COc2ccc(-c3ccc(N4C(=S)N(c5ccc(C#N)c(C(F)(F)F)c5)C(=O)C4(C)C)cc3)cc2)C(C)(C)C)cc1,VHL,AR,<1,-6.0,1566.0,1046.154,886.2640000000002,8.432500000000005,73,7,11,3,16,177.43,0.36538461538461536,3,79,39,5,21,862.5699999999999,0.20253164556962025
77,10.1021/acsmedchemlett.0c00194,10.0,Cc1ncsc1-c1ccc(CNC(=O)[C@@H]2C[C@@H](O)CN2C(=O)[C@@H](NC(=O)COCCCOCC(F)(F)C(F)(F)COc2ccc(N3C(=S)N(c4ccc(C#N)c(C(F)(F)F)c4)C(=O)C3(C)C)cc2)C(C)(C)C)cc1,VHL,AR,<1,-6.0,1567.0,1078.1429999999998,901.5280000000002,7.807500000000008,74,6,12,3,20,186.66,0.46,3,79,33,7,24,813.34,0.25316455696202533
78,10.1021/acs.jmedchem.1c01496,5.0,Cc1ncsc1-c1ccc(CNC(=O)[C@@H]2C[C@@H](O)CN2C(=O)[C@@H](NC(=O)COCCCCCOCCNC(=O)C[C@@H]2N=C(c3ccc(Cl)cc3)c3c(sc(C)c3C)-n3c(C)nnc32)C(C)(C)C)cc1,VHL,BRD2,0.5,-6.301029995663981,2338.0,1000.6889999999996,892.2240000000002,6.750380000000008,69,7,13,4,20,202.26,0.48,4,75,39,1,19,797.74,0.26666666666666666
79,10.1021/acs.jmedchem.1c01496,2.0,Cc1ncsc1-c1ccc(CNC(=O)[C@@H]2C[C@@H](O)CN2C(=O)[C@@H](NC(=O)COCCCCCOCCOC(=O)C[C@@H]2N=C(c3ccc(Cl)cc3)c3c(sc(C)c3C)-n3c(C)nnc32)C(C)(C)C)cc1,VHL,BRD2,0.2,-6.698970004336019,2342.0,1001.6729999999997,887.8560000000002,7.177380000000008,69,7,14,3,20,199.45999999999998,0.48,4,75,39,1,19,800.54,0.26666666666666666
80,10.1016/j.bmc.2023.117259,2.0,O=C1CCC(c2ccc(NCC(=O)N3CCN(C(=O)C4CCN(c5ccc(NC(=O)c6cnc(Oc7ccccc7)nc6)cc5)CC4)CC3)cc2)C(=O)N1,CRBN,HPGDS,0.2,-6.698970004336019,4112.0,730.826,654.5120000000002,4.040700000000002,54,7,10,3,10,166.17,0.325,1,60,42,0,14,633.83,0.16666666666666666
81,10.1039/d5md00963d;10.1021/acschemneuro.3c00096,153.3,O=C(Cn1cc(C2=C(c3ccc(Cl)cc3Cl)C(=O)NC2=O)c2ccccc21)NCCCOCCCCOCCCNc1cccc2c1C(=O)N(C1CCC(=O)NC1=O)C2=O,CRBN,GSK-3beta,15.33,-4.814457845145625,3893.0,857.7479999999998,732.6320000000002,4.738400000000003,60,7,10,4,19,194.24,0.32558139534883723,1,66,39,2,17,665.76,0.2878787878787879
82,10.1016/j.bmc.2023.117259,0.7000000000000001,O=C1CCC(N2C(=O)c3cccc(N4CCN(C(=O)C5CCN(c6ccc(NC(=O)c7cnc(Oc8ccccc8)nc7)cc6)CC5)CC4)c3C2=O)C(=O)N1,CRBN,HPGDS,0.07,-7.154901959985743,2544.0,742.793,646.1760000000002,3.4876000000000014,55,8,11,2,8,174.45000000000002,0.3,1,62,47,0,15,625.55,0.12903225806451613
83,10.1016/j.bmc.2023.117259,0.49,O=C1CCC(N2C(=O)c3ccc(N4CCN(C(=O)C5CCN(c6ccc(NC(=O)c7cnc(Oc8ccccc8)nc7)cc6)CC5)CC4)cc3C2=O)C(=O)N1,CRBN,HPGDS,0.049,-7.309803919971486,4109.0,742.7929999999999,646.9520000000001,3.4876000000000014,55,8,11,2,8,174.45000000000002,0.3,1,62,47,0,15,625.55,0.12903225806451613
84,10.1016/j.bmc.2023.117259,0.007,Cn1cccc1C(=O)N1CCN(C(=O)Nc2ccc(N3CCC(C(=O)N4CCN(c5cccc6c5C(=O)N(C5CCC(=O)NC5=O)C6=O)CC4)CC3)cc2)CC1,CRBN,HPGDS,0.0007,-9.154901959985743,4110.0,763.8559999999998,678.0400000000002,1.9814000000000018,56,8,9,2,6,167.92,0.425,1,63,46,0,16,632.08,0.09523809523809523
85,10.1016/j.bmc.2023.117259,0.09,Cn1cccc1C(=O)N1CCN(C(=O)Nc2ccc(N3CCC(C(=O)N4CCN(c5ccc6c(c5)C(=O)N(C5CCC(=O)NC5=O)C6=O)CC4)CC3)cc2)CC1,CRBN,HPGDS,0.009,-8.045757490560675,4111.0,763.8559999999998,678.0400000000002,1.9814000000000018,56,8,9,2,6,167.92,0.425,1,63,46,0,16,632.08,0.09523809523809523
86,10.1016/j.bmc.2023.117259,0.07,O=C1CCC(N2C(=O)c3cc(F)c(N4CCN(C(=O)C5CCN(c6ccc(NC(=O)c7cnc(Oc8ccccc8)nc7)cc6)CC5)CC4)cc3C2=O)C(=O)N1,CRBN,HPGDS,0.007,-8.154901959985743,4113.0,760.7829999999999,651.1520000000002,3.6267000000000023,56,8,11,2,8,174.45000000000002,0.3,1,63,47,1,16,625.55,0.12698412698412698
