doi,compound_name,pampa,pampa_unit,iupac,smiles,e3,poi
10.3390/pharmaceutics18030288,PC1,2.428,10e-6 cm/s,"3-(2-chloro-N-(1,1-dioxidotetrahydrothiophen-3-yl)acetamido)-2,2-dimethylpropyl 6-((2-(2,6-dioxopiperidin-3-yl)-1,3-dioxoisoindolin-4-yl)oxy)hexanoate",,CRBN,PIN1
10.3390/pharmaceutics18030288,PC2,0.473,10e-6 cm/s,"3-(2-chloro-N-(1,1-dioxidotetrahydrothiophen-3-yl)acetamido)-2,2-dimethylpropyl 4-((2-(2,6-dioxopiperidin-3-yl)-1,3-dioxoisoindolin-4-yl)oxy)butanoate",,CRBN,PIN1
10.3390/pharmaceutics18030288,PC4b,<0.0009,10e-6 cm/s,"N-(3-(2-chloro-N-(1,1-dioxidotetrahydrothiophen-3-yl)acetamido)-2,2-dimethylpropyl)-6-((2-(2,6-dioxopiperidin-3-yl)-1,3-dioxoisoindolin-4-yl)oxy)hexanamide",,CRBN,PIN1
10.3390/pharmaceutics18030288,PC5b,<0.0008,10e-6 cm/s,"N-(3-(2-chloro-N-(1,1-dioxidotetrahydrothiophen-3-yl)acetamido)-2,2-dimethylpropyl)-4-((2-(2,6-dioxopiperidin-3-yl)-1,3-dioxoisoindolin-4-yl)oxy)butanamide",,CRBN,PIN1
10.3390/pharmaceutics18030288,PV4,0.240,10e-6 cm/s,"3-(2-chloro-N-(1,1-dioxidotetrahydrothiophen-3-yl)acetamido)-2,2-dimethylpropyl 6-(((S)-1-((2S,4R)-4-hydroxy-2-(((S)-1-(4-(4-methylthiazol-5-yl)phenyl)ethyl)carbamoyl)pyrrolidin-1-yl)-3,3-dimethyl-1-oxobutan-2-yl)amino)-6-oxohexanoate",,VHL,PIN1
10.3390/pharmaceutics18030288,PV8b,<0.0005,10e-6 cm/s,"(2S,4R)-1-((2S)-2-(tert-butyl)-17-chloro-15-(1,1-dioxidotetrahydrothiophen-3-yl)-13,13-dimethyl-4,10,16-trioxo-3,5,11,15-tetraazaheptadecanoyl)-4-hydroxy-N-((S)-1-(4-(4-methylthiazol-5-yl)phenyl)ethyl)pyrrolidine-2-carboxamide",,VHL,PIN1
10.3390/pharmaceutics18030288,PV12,0.101,10e-6 cm/s,"3-(2-chloro-N-(1,1-dioxidotetrahydrothiophen-3-yl)acetamido)-2,2-dimethylpropyl 5-(3-((S)-1-((2S,4R)-4-hydroxy-2-(((S)-1-(4-(4-methylthiazol-5-yl)phenyl)ethyl)carbamoyl)pyrrolidin-1-yl)-3,3-dimethyl-1-oxobutan-2-yl)ureido)pentanoate",,VHL,PIN1
10.3390/pharmaceutics15010272,PROTAC-1,5.85,-log (10-6 cm/s),,CC1=C(C2=CC=C(C=C2)CNC(=O)[C@@H]3C[C@H](CN3C(=O)[C@H](C(C)(C)C)NC(=O)COCCOCCNC(=O)COC4=CN=C5C(=C4)N=CN=C5C6CCN(CC6)C(=O)C7=CC=C(C=C7)OC(F)(F)F)O)SC=N1,VHL,ERK5
10.1080/14756366.2026.2636394,TO-1187,5.82,-log (10-6 cm/s),,C1=CC(=C2C(=C1)C(=O)N(C3CCC(=O)NC3=O)C2=O)NCCOCCN4C=C(CN(CC5=CC=C(C=C5)C(=O)NO)CC6=CC=CN=C6)N=N4,CRBN,HDAC6
10.1039/d5md00963d,PROTAC 9,15.33,10e-6 cm/s,,C1=CC2=C(C=C1)N(C=C2C3=C(C4=CC=C(C=C4Cl)Cl)C(=O)NC3=O)CC(=O)NCCCOCCCCOCCCNC5=C6C(=CC=C5)C(=O)N(C7CCC(=O)NC7=O)C6=O,CRBN,GSK-3beta
10.1021/acsmedchemlett.0c00556,1,5.85,-log (10-6 cm/s),"3-Methyl-N-{[2-(2-{2-[(4-{1-[4-(trifluoromethoxy)benzoyl]piperidin-4-yl}pyrido[3,2-d]pyrimidin-7-yl)oxy]acetamido}ethoxy)ethoxy]acetyl}-L-valyl-(4R)-4-hydroxy-N-{[4-(4-methyl-1,3-thiazol-5-yl)phenyl]methyl}-L-prolinamide",,VHL,ERK5
10.1021/acsmedchemlett.0c00265,7,0.6,10e-6 cm/s,,Cc1ncsc1-c1ccc(CNC(=O)[C@@H]2C[C@@H](O)CN2C(=O)[C@@H](NC(=O)COCCOCCNC(=O)C[C@@H]2N=C(c3ccc(Cl)cc3)c3c(sc(C)c3C)-n3c(C)nnc32)C(C)(C)C)cc1,VHL,BRD4
10.1021/acsmedchemlett.0c00265,8,0.03,10e-6 cm/s,,Cc1ncsc1-c1ccc(CNC(=O)[C@@H]2C[C@@H](O)CN2C(=O)[C@@H](NC(=O)COCCOCCOCCNC(=O)C[C@@H]2N=C(c3ccc(Cl)cc3)c3c(sc(C)c3C)-n3c(C)nnc32)C(C)(C)C)cc1,VHL,BRD4
10.1021/acsmedchemlett.0c00265,9,0.006,10e-6 cm/s,,Cc1ncsc1-c1ccc(CNC(=O)[C@@H]2C[C@@H](O)CN2C(=O)[C@@H](NC(=O)[C@H]([CH2][Pb])NC(=O)COCCOCCOCCNC(=O)C[C@@H]2N=C(c3ccc(Cl)cc3)c3c(sc(C)c3C)-n3c(C)nnc32)C(C)(C)C)cc1,VHL,BRD4
10.1021/acsmedchemlett.0c00265,10,0.3,10e-6 cm/s,,CC(=O)N1c2ccc(-c3ccc(C(=O)NCCOCCOCC(=O)N[C@H](C(=O)N4C[C@H](O)C[C@H]4C(=O)NCc4ccc(-c5scnc5C)cc4)C(C)(C)C)cc3)cc2[C@H](Nc2ccc(Cl)cc2)C[C@@H]1C,VHL,BRD4
10.1021/acsmedchemlett.0c00265,11,0.16,10e-6 cm/s,,CC(=O)N1c2ccc(-c3ccc(C(=O)NCCOCCOCCOCCOCC(=O)N[C@H](C(=O)N4C[C@H](O)C[C@H]4C(=O)NCc4ccc(-c5scnc5C)cc4)C(C)(C)C)cc3)cc2[C@H](Nc2ccc(Cl)cc2)C[C@@H]1C,VHL,BRD4
10.1021/acsmedchemlett.0c00265,12,0.009,10e-6 cm/s,,Cc1ncsc1-c1ccc(CNC(=O)[C@@H]2C[C@@H](O)CN2C(=O)C(NC(=O)COCCOCCOCCOCCOCC(=O)N[C@H](C(=O)N2C[C@H](O)C[C@H]2C(=O)NCc2ccc(-c3scnc3C)cc2)C(C)(C)C)C(C)(C)C)cc1,VHL,BRD4
10.1021/acsmedchemlett.0c00265,13,0.005,10e-6 cm/s,,Cc1ncsc1-c1ccc(CNC(=O)[C@@H]2C[C@@H](O)CN2C(=O)C(NC(=O)COCCOCCOCCOCCOCCOCCOCC(=O)N[C@H](C(=O)N2C[C@H](O)C[C@H]2C(=O)NCc2ccc(-c3scnc3C)cc2)C(C)(C)C)C(C)(C)C)cc1,VHL,BRD4
10.1021/acsmedchemlett.0c00265,14,0.002,10e-6 cm/s,,Cc1ncsc1-c1ccc(CNC(=O)[C@@H]2C[C@H](O)CN2C(=O)C(NC(=O)COCCOCCOCCOCCOCCOCC(=O)N[C@H](C(=O)N2C[C@H](O)C[C@H]2C(=O)NCc2ccc(-c3scnc3C)cc2)C(C)(C)C)C(C)(C)C)cc1,VHL,BRD4
10.1021/acsmedchemlett.0c00265,15,0.005,10e-6 cm/s,,CC(=O)N[C@H](C(=O)N1C[C@H](O)C[C@H]1C(=O)NCc1ccc(-c2scnc2C)cc1)C(C)(C)SCCOCCNC(=O)C[C@@H]1N=C(c2ccc(Cl)cc2)c2c(sc(C)c2C)-n2c(C)nnc21,VHL,BRD4
10.1021/acsmedchemlett.0c00265,16,0.003,10e-6 cm/s,,CC(=O)N[C@H](C(=O)N1C[C@H](O)C[C@H]1C(=O)NCc1ccc(-c2scnc2C)cc1)C(C)(C)SCCOCCOCCNC(=O)C[C@@H]1N=C(c2ccc(Cl)cc2)c2c(sc(C)c2C)-n2c(C)nnc21,VHL,BRD4
10.1021/acsmedchemlett.0c00265,17,0.002,10e-6 cm/s,,CC(=O)N[C@H](C(=O)N1C[C@H](O)C[C@H]1C(=O)NCc1ccc(-c2scnc2C)cc1)C(C)(C)SCCCCNC(=O)C[C@@H]1N=C(c2ccc(Cl)cc2)c2c(sc(C)c2C)-n2c(C)nnc21,VHL,BRD4
10.1021/acs.jmedchem.5c02791,dBET1,0.149,10e-6 cm/s,,CC1=C(SC2=C1C(=N[C@H](C3=NN=C(N32)C)CC(=O)NCCCCNC(=O)COC4=CC=CC5=C4C(=O)N(C5=O)C6CCC(=O)NC6=O)C7=CC=C(C=C7)Cl)C,CRBN,BRD4
10.1021/acs.jmedchem.5c02791,1,0.437,10e-6 cm/s,,CC1=C(C)SC2=C1C(=N[C@@H](CC(=O)OCCCC(=O)NCCOC3=C4C(=CC=C3)C(=O)N(C5CCC(=O)NC5=O)C4=O)C6=NN=C(C)N62)C7=CC=C(C=C7)Cl,CRBN,BRD4
10.1021/acs.jmedchem.5c02791,2a,0.348,10e-6 cm/s,,C[C@H](CCC(=O)NCCOC1=C2C(=CC=C1)C(=O)N(C3CCC(=O)NC3=O)C2=O)OC(=O)C[C@H]4C5=NN=C(C)N5C6=C(C(=C(C)S6)C)C(=N4)C7=CC=C(C=C7)Cl,CRBN,BRD4
10.1021/acs.jmedchem.5c02791,2b,1.2,10e-6 cm/s,,C[C@@H](CCC(=O)NCCOC1=C2C(=CC=C1)C(=O)N(C3CCC(=O)NC3=O)C2=O)OC(=O)C[C@H]4C5=NN=C(C)N5C6=C(C(=C(C)S6)C)C(=N4)C7=CC=C(C=C7)Cl,CRBN,BRD4
10.1021/acs.jmedchem.4c02492,1,-8.29,log (10-6 cm/s),,CC(N=CS1)=C1C(C=C2)=CC=C2CNC([C@H](C[C@@H](O)C3)N3C([C@@H](NC(CCCCCCCCOC4=CC(N=CN=C5C6CCN(C(C7=CC=C(OC(F)(F)F)C=C7)=O)CC6)=C5N=C4)=O)C(C)(C)C)=O)=O,VHL,ERK5
10.1021/acs.jmedchem.4c02492,2,-5.42,log (10-6 cm/s),,CC(N=CS1)=C1C(C=C2)=CC=C2CNC([C@H](C[C@@H](O)C3)N3C([C@@H](NC(CCOCCOCCOC4=CC(N=CN=C5C6CCN(C(C7=CC=C(OC(F)(F)F)C=C7)=O)CC6)=C5N=C4)=O)C(C)(C)C)=O)=O,VHL,ERK5
10.1021/acs.jmedchem.4c02492,3,-6.21,log (10-6 cm/s),,CC(N=CS1)=C1C(C=C2)=CC=C2CNC([C@H](C[C@@H](O)C3)N3C([C@@H](NC(CCOCCNC(COC4=CC(N=CN=C5C6CCN(C(C7=CC=C(OC(F)(F)F)C=C7)=O)CC6)=C5N=C4)=O)=O)C(C)(C)C)=O)=O,VHL,ERK5
10.1021/acs.jmedchem.4c02492,4,-7.94,log (10-6 cm/s),,CC(N=CS1)=C1C(C=C2)=CC=C2CNC([C@H](C[C@@H](O)C3)N3C([C@@H](NC(COCC(N=N4)=CN4CCOC5=CC(N=CN=C6C7CCN(C(C8=CC=C(OC(F)(F)F)C=C8)=O)CC7)=C6N=C5)=O)C(C)(C)C)=O)=O,VHL,ERK5
10.1021/acs.jmedchem.4c02492,5,-7.56,log (10-6 cm/s),,CC(N=CS1)=C1C(C=C2)=CC=C2CNC([C@H](C[C@@H](O)C3)N3C([C@@H](NC(CC4=CC=C(OCCOC5=CC(N=CN=C6C7CCN(C(C8=CC=C(OC(F)(F)F)C=C8)=O)CC7)=C6N=C5)C=C4)=O)C(C)(C)C)=O)=O,VHL,ERK5
10.1021/acs.jmedchem.4c02492,6,-7.28,log (10-6 cm/s),,CC(N=CS1)=C1C(C=C2)=CC=C2CNC([C@H](C[C@@H](O)C3)N3C([C@@H](NC(CC4=CC=C(OCCOC5=CC(N=CN=C6C7CCN(C(C8=CC=C(OC(F)(F)F)C=C8)=O)CC7)=C6N=C5)C=N4)=O)C(C)(C)C)=O)=O,VHL,ERK5
10.1021/acs.jmedchem.4c02492,7,-6.67,log (10-6 cm/s),,CC(N=CS1)=C1C(C=C2)=CC=C2CNC([C@H](C[C@@H](O)C3)N3C([C@@H](NC(CN(C)CCCCCCOC4=CC(N=CN=C5C6CCN(C(C7=CC=C(OC(F)(F)F)C=C7)=O)CC6)=C5N=C4)=O)C(C)(C)C)=O)=O,VHL,ERK5
10.1021/acs.jmedchem.4c02492,8,-6.9,log (10-6 cm/s),,CC(N=CS1)=C1C(C=C2)=CC=C2CNC([C@H](C[C@@H](O)C3)N3C([C@@H](NC(CN4CCC(CCCOC5=CC(N=CN=C6C7CCN(C(C8=CC=C(OC(F)(F)F)C=C8)=O)CC7)=C6N=C5)CC4)=O)C(C)(C)C)=O)=O,VHL,ERK5
10.1021/acs.jmedchem.4c02492,9,-6.3,log (10-6 cm/s),,CC(N=CS1)=C1C(C=C2)=CC=C2CNC([C@H](C[C@@H](O)C3)N3C([C@@H](NC(COCCOCCNC(COC4=CC(N=CN=C5C6CCN(C(C7=CC=C(OC(F)(F)F)C=C7)=O)CC6)=C5N=C4)=O)=O)C(C)(C)C)=O)=O,VHL,ERK5
10.1021/acs.jmedchem.2c00877,1,6.56,-log (10-6 cm/s),,O=C(C(N1C(C2=CC=CC(NCCOCCOCCOCCC(N(CC3)CCN3C(C=C4)=CC=C4C5=NN(C(NC)=O)[C@@H](C)CC6=CC(OC)=C(OC)C=C65)=O)=C2C1=O)=O)CC7)NC7=O,CRBN,BRD4
10.1021/acs.jmedchem.2c00877,3,7.37,-log (10-6 cm/s),,O=C(C(N1C(C2=CC=CC(OCC(NCCCCC(N(CC3)CCN3C(C=C4)=CC=C4C5=NN(C(NC)=O)[C@@H](C)CC6=CC(OC)=C(OC)C=C65)=O)=O)=C2C1=O)=O)CC7)NC7=O,CRBN,BRD4
10.1016/j.redox.2022.102552,PROTAC 8,0.001,10e-6 cm/s,"3-(7-(4-(2-((2-(2,6-Dioxopiperidin-3-yl)-1,3-dioxoisoindolin-4-yl)oxy)acetamido)butoxy)-1-methyl-1H-benzo[d][1,2,3]triazol-5-yl)-3-(4-methyl-3-(((R)-4-methyl-1,1-dioxido-3,4-dihydro-2H-benzo[b][1,4,5]oxathiazepin-2-yl)methyl)phenyl)propanoic acid",,CRBN,KEAP1
10.1016/j.redox.2022.102552,PROTAC 14,0.005,10e-6 cm/s,"3-(7-((7-((2-(2,6-Dioxopiperidin-3-yl)-1,3-dioxoisoindolin-4-yl)amino)heptyl)oxy)-1-methyl-1H-benzo[d][1,2,3]triazol-5-yl)-3-(4-methyl-3-(((R)-4-methyl-1,1-dioxido-3,4-dihydro-2H-benzo[b][1,4,5]oxathiazepin-2-yl)methyl)phenyl)propanoic acid",,CRBN,KEAP1
10.1016/j.jbc.2025.108452,1,-0.0007,10e-6 cm/s,,C[C@@H](C1=CC=C(C=C1)C2=C(C)N=CS2)NC(=O)[C@@H]3C[C@H](CN3C(=O)[C@H](C(C)(C)C)NCC4=NC(=CC=C4)CN5CCC(CC5)C6=CC(=NC(=C6)N7CCC(C7)(F)F)NC8=CC(=CC=N8)C#N)O,VHL,LZK (MAP3K13)
10.1016/j.jbc.2025.108452,2,<0.01,10e-6 cm/s,,C[C@@H](C1=CC=C(C=C1)C2=C(C)N=CS2)NC(=O)[C@@H]3C[C@H](CN3C(=O)[C@H](C(C)(C)C)NC(=O)CCCCCCCCCCC(=O)N4CCC(CC4)C5=CC(=NC(=C5)N6CCC(C6)(F)F)NC7=CC(=CC=N7)C#N)O,VHL,LZK (MAP3K13)
10.1016/j.jbc.2025.108452,3,0.0019,10e-6 cm/s,,C[C@@H](C1=CC=C(C=C1)C2=C(C)N=CS2)NC(=O)[C@@H]3C[C@H](CN3C(=O)[C@H](C(C)(C)C)NCC4=CC=C(C=C4)C(=O)N5CCC(CC5)C6=CC(=NC(=C6)N7CCC(C7)(F)F)NC8=CC(=CC=N8)C#N)O,VHL,LZK (MAP3K13)
10.1016/j.jbc.2025.108452,6,8.84,10e-6 cm/s,,C[C@@H](C1=CC=C(C=C1)C2=C(C)N=CS2)NC(=O)[C@@H]3C[C@H](CN3C(=O)[C@H](C(C)(C)C)NC(=O)C4=CC(=CC=C4)C(=O)N5CCC(CC5)C6=CC(=NC(=C6)N7CCC(C7)(F)F)NC8=CC(=CC=N8)C#N)O,VHL,LZK (MAP3K13)
10.1016/j.jbc.2025.108452,7,-0.0002,10e-6 cm/s,,C[C@@H](C1=CC=C(C=C1)C2=C(C)N=CS2)NC(=O)[C@@H]3C[C@H](CN3C(=O)[C@H](C(C)(C)C)NC(=O)C4=CC=C(C(=O)N5CCC(CC5)C6=CC(=NC(=C6)N7CCC(C7)(F)F)NC8=CC(=CC=N8)C#N)N=N4)O,VHL,LZK (MAP3K13)
10.1016/j.jbc.2025.108452,8,12.59,10e-6 cm/s,,C[C@@H](C1=CC=C(C=C1)C2=C(C)N=CS2)NC(=O)[C@@H]3C[C@H](CN3C(=O)[C@H](C(C)(C)C)NC(=O)C4=NC(=CN=C4)C(=O)N5CCC(CC5)C6=CC(=NC(=C6)N7CCC(C7)(F)F)NC8=CC(=CC=N8)C#N)O,VHL,LZK (MAP3K13)
10.1016/j.jbc.2025.108452,9,0.01,10e-6 cm/s,,C[C@@H](C1=CC=C(C=C1)C2=C(C)N=CS2)NC(=O)[C@@H]3C[C@H](CN3C(=O)[C@H](C(C)(C)C)NC(=O)[C@H](CCC(=O)N4CCC(CC4)C5=CC(=NC(=C5)N6CCC(C6)(F)F)NC7=CC(=CC=N7)C#N)NC(=O)C(CCCNC(=N)N)N)O,VHL,LZK (MAP3K13)
10.1016/j.jbc.2025.108452,10,<0.01,10e-6 cm/s,,C[C@@H](C1=CC=C(C=C1)C2=C(C)N=CS2)NC(=O)[C@@H]3C[C@H](CN3C(=O)[C@H](C(C)(C)C)NC(=O)CCCCCCCCC(=O)N4CCC(CC4)C5=CC(=NC(=C5)N6CCC(C6)(F)F)NC7=CC(=CC=N7)C#N)O,VHL,LZK (MAP3K13)
10.1016/j.jbc.2025.108452,11,0.0009,10e-6 cm/s,,C[C@@H](C1=CC=C(C=C1)C2=C(C)N=CS2)NC(=O)[C@@H]3C[C@H](CN3C(=O)[C@H](C(C)(C)C)NC(=O)CCCCC(=O)N4CCC(CC4)C5=CC(=NC(=C5)N6CCC(C6)(F)F)NC7=CC(=CC=N7)C#N)O,VHL,LZK (MAP3K13)
10.1016/j.jbc.2025.108452,12,-0.0008,10e-6 cm/s,,C[C@@H](C1=CC=C(C=C1)C2=C(C)N=CS2)NC(=O)[C@@H]3C[C@H](CN3C(=O)[C@H](C(C)(C)C)NC(=O)CCC(=O)N4CCC(CC4)C5=CC(=NC(=C5)N6CCC(C6)(F)F)NC7=CC(=CC=N7)C#N)O,VHL,LZK (MAP3K13)
10.1016/j.jbc.2025.108452,13,-0.0002,10e-6 cm/s,,C[C@@H](C1=CC=C(C=C1)C2=C(C)N=CS2)NC(=O)[C@@H]3C[C@H](CN3C(=O)[C@H](C(C)(C)C)NC(=O)C4=CC=C(C=C4)C(=O)N5CCC(CC5)C6=CC(=NC(=C6)N7CCC(C7)(F)F)NC8=CC(=CC=N8)C#N)O,VHL,LZK (MAP3K13)
10.1016/j.jbc.2025.108452,14,7.4,10e-6 cm/s,,C[C@@H](C1=CC=C(C=C1)C2=C(C)N=CS2)NC(=O)[C@@H]3C[C@H](CN3C(=O)[C@H](C(C)(C)C)NCC4=CC=CC(=C4)C(=O)N5CCC(CC5)C6=CC(=NC(=C6)N7CCC(C7)(F)F)NC8=CC(=CC=N8)C#N)O,VHL,LZK (MAP3K13)
10.1016/j.jbc.2025.108452,15,0,10e-6 cm/s,,C[C@@H](C1=CC=C(C=C1)C2=C(C)N=CS2)NC(=O)[C@@H]3C[C@H](CN3C(=O)[C@H](C(C)(C)C)NC(=O)C4=CC(=NC=N4)C(=O)N5CCC(CC5)C6=CC(=NC(=C6)N7CCC(C7)(F)F)NC8=CC(=CC=N8)C#N)O,VHL,LZK (MAP3K13)
10.1016/j.jbc.2025.108452,16,0.0006,10e-6 cm/s,,C[C@@H](C1=CC=C(C=C1)C2=C(C)N=CS2)NC(=O)[C@@H]3C[C@H](CN3C(=O)[C@H](C(C)(C)C)NC(=O)C4=NC=C(C(=O)N5CCC(CC5)C6=CC(=NC(=C6)N7CCC(C7)(F)F)NC8=CC(=CC=N8)C#N)N=C4)O,VHL,LZK (MAP3K13)
10.1016/j.jbc.2025.108452,17,0.01,10e-6 cm/s,,C[C@@H](C1=CC=C(C=C1)C2=C(C)N=CS2)NC(=O)[C@@H]3C[C@H](CN3C(=O)[C@H](C(C)(C)C)NC(=O)[C@@H]4C[C@@H](C4)C(=O)N5CCC(CC5)C6=CC(=NC(=C6)N7CCC(C7)(F)F)NC8=CC(=CC=N8)C#N)O,VHL,LZK (MAP3K13)
10.1016/j.jbc.2025.108452,18,0.0006,10e-6 cm/s,,C[C@@H](C1=CC=C(C=C1)C2=C(C)N=CS2)NC(=O)[C@@H]3C[C@H](CN3C(=O)[C@H](C(C)(C)C)NC(=O)[C@H]4CC[C@@H]4C(=O)N5CCC(CC5)C6=CC(=NC(=C6)N7CCC(C7)(F)F)NC8=CC(=CC=N8)C#N)O,VHL,LZK (MAP3K13)
10.1016/j.jbc.2025.108452,19,0.0022,10e-6 cm/s,,C[C@@H](C1=CC=C(C=C1)C2=C(C)N=CS2)NC(=O)[C@@H]3C[C@H](CN3C(=O)[C@H](C(C)(C)C)NC(=O)[C@@H]4CC[C@H]4C(=O)N5CCC(CC5)C6=CC(=NC(=C6)N7CCC(C7)(F)F)NC8=CC(=CC=N8)C#N)O,VHL,LZK (MAP3K13)
10.1016/j.jbc.2025.108452,20,0,10e-6 cm/s,,C[C@@H](C1=CC=C(C=C1)C2=C(C)N=CS2)NC(=O)[C@@H]3C[C@H](CN3C(=O)[C@H](C(C)(C)C)NC(=O)N4CCC(CC4)C5=CC(=NC(=C5)N6CCC(C6)(F)F)NC7=CC(=CC=N7)C#N)O,VHL,LZK (MAP3K13)
10.1016/j.jbc.2025.108452,21,-0.0028,10e-6 cm/s,,C[C@@H](C1=CC=C(C=C1)C2=C(C)N=CS2)NC(=O)[C@@H]3C[C@H](CN3C(=O)[C@H](C(C)(C)C)NCC(=O)N4CCC(CC4)C5=CC(=NC(=C5)N6CCC(C6)(F)F)NC7=CC(=CC=N7)C#N)O,VHL,LZK (MAP3K13)
10.1038/s41467-020-17997-6,RC-1,>8.16,-log (10-6 cm/s),"N-(3-((5-((R)-3-(4-Amino-3-(4-phenoxyphenyl)-1H-pyrazolo[3,4-d]pyrimidin-1-yl)piperidin-1-yl)-4-cyano2-methyl-5-oxopent-3-en-2-yl)(methyl)amino)propyl)-2-((2-(2,6-dioxopiperidin-3-yl)-1,3-dioxoisoindolin4-yl)amino)acetamide",,CRBN,BTK
10.1038/s41467-020-17997-6,RNC-1,>8.68,-log (10-6 cm/s),"N-(3-((4-((R)-3-(4-amino-3-(4-phenoxyphenyl)-1H-pyrazolo[3,4-d]pyrimidin-1-yl)piperidin-1-yl)-4-oxobutyl)(methyl)amino)propyl)-2-((2-(2,6-dioxopiperidin-3-yl)-1,3-dioxoisoindolin-4-yl)amino)acetamide",,CRBN,BTK
10.1038/s41467-020-17997-6,IRC-1,>7.61,-log (10-6 cm/s),"N-(3-(((E)-4-((R)-3-(4-Amino-3-(4-phenoxyphenyl)-1H-pyrazolo[3,4-d]pyrimidin-1-yl)piperidin-1-yl)-4-oxobut-2-en-1-yl)(methyl)amino)propyl)-2-((2-(2,6-dioxopiperidin-3-yl)-1,3-dioxoisoindolin-4-yl)amino)acetamide",,CRBN,BTK
10.1021/acs.jmedchem.8b01413,26,0.01,nm/s,,COC1=CC(C(C2=C3C=NC=C2)=CN(C)C3=O)=CC(OC)=C1CN4CCN(CCOCCOCCOC5=CC(C6=C(C)N=CS6)=CC=C5CNC([C@@H]7C[C@@H](O)CN7C([C@H](C(C)(C)C)NC(C8(F)CC8)=O)=O)=O)CC4,VHL,BRD9/BRD7
10.1021/acs.jmedchem.8b01413,46,0.02,nm/s,,COC1=CC(C(C2=C3C=NC=C2)=CN(C)C3=O)=CC(OC)=C1CN4CCN(CCOCCOC5=CC(C6=C(C)N=CS6)=CC=C5CNC([C@@H]7C[C@@H](O)CN7C([C@H](C(C)(C)C)NC(C8(F)CC8)=O)=O)=O)CC4,VHL,BRD9/BRD7
10.1021/acs.jmedchem.8b01413,VZ185,0.01,nm/s,,COC1=CC(C2=CN(C)C(=O)C3=CN=CC=C23)=CC(OC)=C1CN1CCN(CCCCCOC2=CC(C3=C(C)N=CS3)=CC=C2CNC(=O)[C@@H]2C[C@@H](O)CN2C(=O)[C@@H](NC(=O)C2(F)CC2)C(C)(C)C)CC1,VHL,BRD9/BRD7
10.1021/acs.jmedchem.8b01413,cisVZ185,0.36,nm/s,"(2S,4S)-N-(2-((5-(4-(2,6-dimethoxy-4-(2-methyl-1-oxo-1,2-dihydro-2,7-naphthyridin-4-yl)benzyl)piperazin-1-yl)pentyl)oxy)-4-(4-methylthiazol-5-yl)benzyl)-1-((S)-2-(1-fluorocyclopropane-1-carboxamido)-3,3-dimethylbutanoyl)-4-hydroxypyrrolidine-2-carboxamide",,VHL,BRD9/BRD7
